bioproject	run_acc	snakemake	post_filter	filter_info	treatment	extraction	source	doi	size_mb	desc
PRJNA385831	SRR5570991	TRUE	FALSE	-	untreated	"PowerSoil "	sludge	-	1802	Sludge sample was collected from the final clarifier at the Manitowoc wastewater treatment plant.
PRJNA385831	SRR5570992	TRUE	FALSE	-	untreated	"PowerSoil "	sludge	-	1003	Sludge sample was collected from the final clarifier at the Manitowoc wastewater treatment plant.
PRJNA385831	SRR5570993	TRUE	FALSE	-	untreated	"PowerSoil "	sludge	-	986	Sludge sample was collected from the final clarifier at the Manitowoc wastewater treatment plant.
PRJNA385831	SRR5570994	TRUE	FALSE	-	untreated	"PowerSoil "	sludge	-	736	Sludge sample was collected from the final clarifier at the Manitowoc wastewater treatment plant.
PRJNA385831	SRR5570995	TRUE	FALSE	-	untreated	"PowerSoil "	sludge	-	1226	Sludge sample was collected from the final clarifier at the Manitowoc wastewater treatment plant.
PRJNA385831	SRR5570996	TRUE	FALSE	-	untreated	phenol-chloroform	influent	-	1809	Water sample was collected from secondary effluent in the Manitowoc wastewater treatment plant. DNA was extracted from a 1.6 um filter
PRJNA385831	SRR5570997	TRUE	FALSE	-	untreated	phenol-chloroform	influent	-	601	Water sample was collected from secondary effluent in the Manitowoc wastewater treatment plant. DNA was extracted from a 0.22 um filter
PRJNA385831	SRR5570998	TRUE	FALSE	-	untreated	phenol-chloroform	influent	-	1101	Water sample was collected from secondary effluent in the Manitowoc wastewater treatment plant. DNA was extracted from a 0.22 um filter
PRJNA385831	SRR5570999	TRUE	FALSE	-	untreated	phenol-chloroform	influent	-	1092	Water sample was collected from secondary effluent in the Manitowoc wastewater treatment plant. DNA was extracted from a 0.22 um filter
PRJNA385831	SRR5571000	TRUE	FALSE	-	untreated	phenol-chloroform	influent	-	1065	Water sample was collected from secondary effluent in the Sheboygan wastewater treatment plant. DNA was extracted from a 1.6 um filter
PRJNA385831	SRR5571001	TRUE	FALSE	-	untreated	phenol-chloroform	influent	-	333	Water sample was collected from secondary effluent in the Sheboygan wastewater treatment plant. DNA was extracted from a 0.22 um filter
PRJNA385831	SRR5571002	TRUE	FALSE	-	untreated	phenol-chloroform	influent	-	912	Water sample was collected from secondary effluent in the Sheboygan wastewater treatment plant. DNA was extracted from a 0.22 um filter
PRJNA385831	SRR5571003	TRUE	FALSE	-	untreated	"PowerSoil "	sludge	-	886	Sludge sample was collected from the final clarifier at the Manitowoc wastewater treatment plant.
PRJNA385831	SRR5571004	TRUE	FALSE	-	untreated	phenol-chloroform	water	-	1034	Sludge sample was collected from the final clarifier at the Manitowoc wastewater treatment plant.
PRJNA385831	SRR5571005	TRUE	FALSE	-	untreated	phenol-chloroform	water	-	1030	Sludge sample was collected from the final clarifier at the Manitowoc wastewater treatment plant.
PRJNA385831	SRR5571006	TRUE	FALSE	-	untreated	phenol-chloroform	influent	-	752	Water sample was collected from secondary effluent in the Sheboygan wastewater treatment plant. DNA was extracted from a 0.22 um filter
PRJNA385831	SRR5571007	TRUE	FALSE	-	untreated	phenol-chloroform	water	-	1147	Water sample was collected from the final clarifier tank in the Sheboygan wastewater treatment plant. DNA was extracted from a 1.6 um filter
PRJNA385831	SRR5571008	TRUE	FALSE	-	untreated	"PowerSoil "	sludge	-	985	Activated sludge sample was collected from the Sheboygan wastewater treatment plant.
PRJNA385831	SRR5571009	TRUE	FALSE	-	untreated	"PowerSoil "	sludge	-	939	"Activated sludge sample was collected from the Sheboygan wastewater treatment plant. "
PRJNA385831	SRR5571010	TRUE	FALSE	-	untreated	phenol-chloroform	water	-	953	Water sample was collected from the final clarifier tank in the Sheboygan wastewater treatment plant.
PRJNA385831	SRR5571011	TRUE	FALSE	-	untreated	"PowerSoil "	sludge	-	1004	Activated sludge sample was collected from the Sheboygan wastewater treatment plant
PRJNA622299	SRR11472820	TRUE	TRUE	.4 um	chloroform	phenol-chloroform	water	10.1016/j.celrep.2020.108142	751	DNA sequencing of wastewater
PRJNA622299	SRR11472821	TRUE	TRUE	.4 um, .22 um	untreated	phenol-chloroform	water	10.1016/j.celrep.2020.108142	697	DNA sequencing of wastewater
PRJNA622299	SRR11472822	TRUE	TRUE	.4 um	untreated	phenol-chloroform	water	10.1016/j.celrep.2020.108142	621	DNA sequencing of wastewater
PRJNA622299	SRR11472823	TRUE	TRUE	.4 um	chloroform	phenol-chloroform	water	10.1016/j.celrep.2020.108142	302	DNA sequencing of wastewater
PRJNA622299	SRR11472824	TRUE	TRUE	.4 um, .22 um	untreated	phenol-chloroform	water	10.1016/j.celrep.2020.108142	646	DNA sequencing of wastewater
PRJNA622299	SRR11472825	TRUE	TRUE	.4 um	untreated	phenol-chloroform	water	10.1016/j.celrep.2020.108142	158	DNA sequencing of wastewater
PRJNA622299	SRR11472826	TRUE	TRUE	.4 um	chloroform	phenol-chloroform	water	10.1016/j.celrep.2020.108142	492	DNA sequencing of wastewater
PRJNA622299	SRR11472827	TRUE	TRUE	.4 um, .22 um	untreated	phenol-chloroform	water	10.1016/j.celrep.2020.108142	904	DNA sequencing of wastewater
PRJNA622299	SRR11472828	TRUE	TRUE	.4 um	untreated	phenol-chloroform	water	10.1016/j.celrep.2020.108142	190	DNA sequencing of wastewater
PRJNA472060	SRR7191290	TRUE	TRUE	.2 um	concentrated	AllPrep	water	10.1186/s13104-019-4251-y	2330	ZVI sand filtered reclaimed water
PRJNA472060	SRR7191291	TRUE	TRUE	.2 um	concentrated	AllPrep	water	10.1186/s13104-019-4251-y	2491	ZVI sand filtered reclaimed water
PRJNA472060	SRR7191292	TRUE	TRUE	.2 um	concentrated	AllPrep	water	10.1186/s13104-019-4251-y	1914	reclaimed water
PRJNA472060	SRR7191293	TRUE	TRUE	.2 um	concentrated	AllPrep	water	10.1186/s13104-019-4251-y	2208	reclaimed water
PRJNA472060	SRR7191294	TRUE	TRUE	.2 um	concentrated	AllPrep	water	10.1186/s13104-019-4251-y	1945	reclaimed water
PRJNA526679	SRR8715492	TRUE	TRUE	.45 um	concentrated, chloroform	QIAamp UltraSens Virus	water	10.3389/fmicb.2020.00153	3890	Hospital wastewater treatment system at the Tel HaShomer Hospital i
PRJNA526679	SRR8715493	TRUE	TRUE	.45 um	concentrated, chloroform	QIAamp UltraSens Virus	water	10.3389/fmicb.2020.00153	3734	Hospital wastewater treatment system at the Tel HaShomer Hospital i
PRJNA526679	SRR8715494	TRUE	TRUE	.45 um	concentrated, chloroform	QIAamp UltraSens Virus	water	10.3389/fmicb.2020.00153	2468	Hospital wastewater treatment system at the Tel HaShomer Hospital i
PRJEB28033	ERR2729796	TRUE	FALSE	-	untreated	PowerSoil	raw sewage	10.1038/s41396-019-0467-z	2342	NYC raw sewage
PRJEB28033	ERR2729797	TRUE	FALSE	-	untreated	PowerSoil	raw sewage	10.1038/s41396-019-0467-z	4276	NYC raw sewage
PRJEB28033	ERR2729798	TRUE	FALSE	-	untreated	PowerSoil	raw sewage	10.1038/s41396-019-0467-z	2476	NYC raw sewage
PRJEB28033	ERR2729799	TRUE	FALSE	-	untreated	PowerSoil	raw sewage	10.1038/s41396-019-0467-z	2566	NYC raw sewage
PRJEB28033	ERR2729800	TRUE	FALSE	-	untreated	PowerSoil	raw sewage	10.1038/s41396-019-0467-z	2309	NYC raw sewage
PRJEB28033	ERR2729801	TRUE	FALSE	-	untreated	PowerSoil	raw sewage	10.1038/s41396-019-0467-z	2342	NYC raw sewage
PRJEB28033	ERR2729802	TRUE	FALSE	-	untreated	PowerSoil	raw sewage	10.1038/s41396-019-0467-z	2533	NYC raw sewage
PRJEB28033	ERR2729803	TRUE	FALSE	-	untreated	PowerSoil	raw sewage	10.1038/s41396-019-0467-z	2329	NYC raw sewage
PRJEB28033	ERR2729804	TRUE	FALSE	-	untreated	PowerSoil	raw sewage	10.1038/s41396-019-0467-z	2300	NYC raw sewage
PRJEB28033	ERR2729805	TRUE	FALSE	-	untreated	PowerSoil	raw sewage	10.1038/s41396-019-0467-z	2555	NYC raw sewage
PRJEB28033	ERR2729806	TRUE	FALSE	-	untreated	PowerSoil	raw sewage	10.1038/s41396-019-0467-z	2239	NYC raw sewage
PRJEB28033	ERR2729807	TRUE	FALSE	-	untreated	PowerSoil	raw sewage	10.1038/s41396-019-0467-z	2561	NYC raw sewage
PRJEB28033	ERR2729808	TRUE	FALSE	-	untreated	PowerSoil	raw sewage	10.1038/s41396-019-0467-z	2406	NYC raw sewage
PRJEB28033	ERR2729809	TRUE	FALSE	-	untreated	PowerSoil	raw sewage	10.1038/s41396-019-0467-z	2309	NYC raw sewage
PRJEB28033	ERR2729810	TRUE	FALSE	-	untreated	PowerSoil	raw sewage	10.1038/s41396-019-0467-z	2386	NYC raw sewage
PRJEB28033	ERR2729811	TRUE	FALSE	-	untreated	PowerSoil	raw sewage	10.1038/s41396-019-0467-z	2008	NYC raw sewage
PRJEB13831	ERR1713331	TRUE	FALSE	-	untreated	QIAamp Fast DNA Stool	raw sewage	10.1038/s41467-019-08853-3	4790	ALB.17
PRJEB13831	ERR1713332	TRUE	FALSE	-	untreated	QIAamp Fast DNA Stool	raw sewage	10.1038/s41467-019-08853-4	1989	AUS.18
PRJEB13831	ERR1713333	TRUE	FALSE	-	untreated	QIAamp Fast DNA Stool	raw sewage	10.1038/s41467-019-08853-5	765	AUS.18a
PRJEB13831	ERR1713334	TRUE	FALSE	-	untreated	QIAamp Fast DNA Stool	raw sewage	10.1038/s41467-019-08853-6	2641	AUT.70
PRJEB13831	ERR1713335	TRUE	FALSE	-	untreated	QIAamp Fast DNA Stool	raw sewage	10.1038/s41467-019-08853-7	3092	BGR.66
PRJEB13831	ERR1713336	TRUE	FALSE	-	untreated	QIAamp Fast DNA Stool	raw sewage	10.1038/s41467-019-08853-8	2812	BRA.53
PRJEB13831	ERR1713337	TRUE	FALSE	-	untreated	QIAamp Fast DNA Stool	raw sewage	10.1038/s41467-019-08853-9	4913	BRA.53a
PRJEB13831	ERR1713338	TRUE	FALSE	-	untreated	QIAamp Fast DNA Stool	raw sewage	10.1038/s41467-019-08853-10	2508	BWA.19
PRJEB13831	ERR1713339	TRUE	FALSE	-	untreated	QIAamp Fast DNA Stool	raw sewage	10.1038/s41467-019-08853-11	392	CAN.22
PRJEB13831	ERR1713340	TRUE	FALSE	-	untreated	QIAamp Fast DNA Stool	raw sewage	10.1038/s41467-019-08853-12	261	CAN.22a
PRJEB13831	ERR1713341	TRUE	FALSE	-	untreated	QIAamp Fast DNA Stool	raw sewage	10.1038/s41467-019-08853-13	2244	CAN.22b
PRJEB13831	ERR1713342	TRUE	FALSE	-	untreated	QIAamp Fast DNA Stool	raw sewage	10.1038/s41467-019-08853-14	5446	CAN.22c
PRJEB13831	ERR1713343	TRUE	FALSE	-	untreated	QIAamp Fast DNA Stool	raw sewage	10.1038/s41467-019-08853-15	1414	CHE 0.67
PRJEB13831	ERR1713344	TRUE	FALSE	-	untreated	QIAamp Fast DNA Stool	raw sewage	10.1038/s41467-019-08853-16	6402	CHN.64
PRJEB13831	ERR1713345	TRUE	FALSE	-	untreated	QIAamp Fast DNA Stool	raw sewage	10.1038/s41467-019-08853-17	3648	CIV.13
PRJEB13831	ERR1713346	TRUE	FALSE	-	untreated	QIAamp Fast DNA Stool	raw sewage	10.1038/s41467-019-08853-18	3384	COL.2
PRJEB13831	ERR1713347	TRUE	FALSE	-	untreated	QIAamp Fast DNA Stool	raw sewage	10.1038/s41467-019-08853-19	4600	CZE.23
PRJEB13831	ERR1713348	TRUE	FALSE	-	untreated	QIAamp Fast DNA Stool	raw sewage	10.1038/s41467-019-08853-20	1343	DEU.27
PRJEB13831	ERR1713349	TRUE	FALSE	-	untreated	QIAamp Fast DNA Stool	raw sewage	10.1038/s41467-019-08853-21	6865	DNK.71_RA
PRJEB13831	ERR1713350	TRUE	FALSE	-	untreated	QIAamp Fast DNA Stool	raw sewage	10.1038/s41467-019-08853-22	7444	DNK.71_RD
PRJEB13831	ERR1713351	TRUE	FALSE	-	untreated	QIAamp Fast DNA Stool	raw sewage	10.1038/s41467-019-08853-23	3359	DNK.71_RL
PRJEB13831	ERR1713352	TRUE	FALSE	-	untreated	QIAamp Fast DNA Stool	raw sewage	10.1038/s41467-019-08853-24	8294	ECU.14
PRJEB13831	ERR1713353	TRUE	FALSE	-	untreated	QIAamp Fast DNA Stool	raw sewage	10.1038/s41467-019-08853-25	1963	ECU.14a
PRJEB13831	ERR1713354	TRUE	FALSE	-	untreated	QIAamp Fast DNA Stool	raw sewage	10.1038/s41467-019-08853-26	2128	ESP 1
PRJEB13831	ERR1713355	TRUE	FALSE	-	untreated	QIAamp Fast DNA Stool	raw sewage	10.1038/s41467-019-08853-27	6397	ETH.24
PRJEB13831	ERR1713356	TRUE	FALSE	-	untreated	QIAamp Fast DNA Stool	raw sewage	10.1038/s41467-019-08853-28	2737	FIN.25
PRJEB13831	ERR1713357	TRUE	FALSE	-	untreated	QIAamp Fast DNA Stool	raw sewage	10.1038/s41467-019-08853-29	3048	GEO.59
PRJEB13831	ERR1713358	TRUE	FALSE	-	untreated	QIAamp Fast DNA Stool	raw sewage	10.1038/s41467-019-08853-30	5949	GHA.4
PRJEB13831	ERR1713359	TRUE	FALSE	-	untreated	QIAamp Fast DNA Stool	raw sewage	10.1038/s41467-019-08853-31	5512	GMB.10
PRJEB13831	ERR1713360	TRUE	FALSE	-	untreated	QIAamp Fast DNA Stool	raw sewage	10.1038/s41467-019-08853-32	1992	HRV.68
PRJEB13831	ERR1713361	TRUE	FALSE	-	untreated	QIAamp Fast DNA Stool	raw sewage	10.1038/s41467-019-08853-33	499	HUN.61
PRJEB13831	ERR1713362	TRUE	FALSE	-	untreated	QIAamp Fast DNA Stool	raw sewage	10.1038/s41467-019-08853-34	4809	IND.11
PRJEB13831	ERR1713363	TRUE	FALSE	-	untreated	QIAamp Fast DNA Stool	raw sewage	10.1038/s41467-019-08853-35	4397	IRL.69
PRJEB13831	ERR1713364	TRUE	FALSE	-	untreated	QIAamp Fast DNA Stool	raw sewage	10.1038/s41467-019-08853-36	2913	IRN.12
PRJEB13831	ERR1713365	TRUE	FALSE	-	untreated	QIAamp Fast DNA Stool	raw sewage	10.1038/s41467-019-08853-37	2722	ISL.28
PRJEB13831	ERR1713366	TRUE	FALSE	-	untreated	QIAamp Fast DNA Stool	raw sewage	10.1038/s41467-019-08853-38	535	ISR.29
PRJEB13831	ERR1713367	TRUE	FALSE	-	untreated	QIAamp Fast DNA Stool	raw sewage	10.1038/s41467-019-08853-39	7335	ITA.30
PRJEB13831	ERR1713368	TRUE	FALSE	-	untreated	QIAamp Fast DNA Stool	raw sewage	10.1038/s41467-019-08853-40	5814	KAZ.6
PRJEB13831	ERR1713369	TRUE	FALSE	-	untreated	QIAamp Fast DNA Stool	raw sewage	10.1038/s41467-019-08853-41	4656	KEN.72
PRJEB13831	ERR1713370	TRUE	FALSE	-	untreated	QIAamp Fast DNA Stool	raw sewage	10.1038/s41467-019-08853-42	5007	KHM.21
PRJEB13831	ERR1713371	TRUE	FALSE	-	untreated	QIAamp Fast DNA Stool	raw sewage	10.1038/s41467-019-08853-43	6835	LKA.40
PRJEB13831	ERR1713372	TRUE	FALSE	-	untreated	QIAamp Fast DNA Stool	raw sewage	10.1038/s41467-019-08853-44	5587	LUX.32
PRJEB13831	ERR1713373	TRUE	FALSE	-	untreated	QIAamp Fast DNA Stool	raw sewage	10.1038/s41467-019-08853-45	1405	LVA.31
PRJEB13831	ERR1713374	TRUE	FALSE	-	untreated	QIAamp Fast DNA Stool	raw sewage	10.1038/s41467-019-08853-46	3279	MDA.65
PRJEB13831	ERR1713375	TRUE	FALSE	-	untreated	QIAamp Fast DNA Stool	raw sewage	10.1038/s41467-019-08853-47	2685	MKD 0.62
PRJEB13831	ERR1713376	TRUE	FALSE	-	untreated	QIAamp Fast DNA Stool	raw sewage	10.1038/s41467-019-08853-48	3097	MLT.63
PRJEB13831	ERR1713377	TRUE	FALSE	-	untreated	QIAamp Fast DNA Stool	raw sewage	10.1038/s41467-019-08853-49	1746	MYS.54
PRJEB13831	ERR1713378	TRUE	FALSE	-	untreated	QIAamp Fast DNA Stool	raw sewage	10.1038/s41467-019-08853-50	2908	NGA.50
PRJEB13831	ERR1713379	TRUE	FALSE	-	untreated	QIAamp Fast DNA Stool	raw sewage	10.1038/s41467-019-08853-51	985	NLD.43
PRJEB13831	ERR1713380	TRUE	FALSE	-	untreated	QIAamp Fast DNA Stool	raw sewage	10.1038/s41467-019-08853-52	3844	NOR.34
PRJEB13831	ERR1713381	TRUE	FALSE	-	untreated	QIAamp Fast DNA Stool	raw sewage	10.1038/s41467-019-08853-53	5794	NPL.33
PRJEB13831	ERR1713382	TRUE	FALSE	-	untreated	QIAamp Fast DNA Stool	raw sewage	10.1038/s41467-019-08853-54	8338	NZL.56
PRJEB13831	ERR1713383	TRUE	FALSE	-	untreated	QIAamp Fast DNA Stool	raw sewage	10.1038/s41467-019-08853-55	3246	POL.36
PRJEB13831	ERR1713384	TRUE	FALSE	-	untreated	QIAamp Fast DNA Stool	raw sewage	10.1038/s41467-019-08853-56	6323	PAK.7
PRJEB13831	ERR1713385	TRUE	FALSE	-	untreated	QIAamp Fast DNA Stool	raw sewage	10.1038/s41467-019-08853-57	3896	PER.35
PRJEB13831	ERR1713386	TRUE	FALSE	-	untreated	QIAamp Fast DNA Stool	raw sewage	10.1038/s41467-019-08853-58	7516	SEN.8
PRJEB13831	ERR1713387	TRUE	FALSE	-	untreated	QIAamp Fast DNA Stool	raw sewage	10.1038/s41467-019-08853-59	2723	SGP.52
PRJEB13831	ERR1713388	TRUE	FALSE	-	untreated	QIAamp Fast DNA Stool	raw sewage	10.1038/s41467-019-08853-60	3141	SRB.37
PRJEB13831	ERR1713389	TRUE	FALSE	-	untreated	QIAamp Fast DNA Stool	raw sewage	10.1038/s41467-019-08853-61	3309	SVK.9
PRJEB13831	ERR1713390	TRUE	FALSE	-	untreated	QIAamp Fast DNA Stool	raw sewage	10.1038/s41467-019-08853-62	4926	SVN.38
PRJEB13831	ERR1713391	TRUE	FALSE	-	untreated	QIAamp Fast DNA Stool	raw sewage	10.1038/s41467-019-08853-63	5951	SWE.41
PRJEB13831	ERR1713392	TRUE	FALSE	-	untreated	QIAamp Fast DNA Stool	raw sewage	10.1038/s41467-019-08853-64	4341	SWE.41a
PRJEB13831	ERR1713393	TRUE	FALSE	-	untreated	QIAamp Fast DNA Stool	raw sewage	10.1038/s41467-019-08853-65	541	TCD.1
PRJEB13831	ERR1713394	TRUE	FALSE	-	untreated	QIAamp Fast DNA Stool	raw sewage	10.1038/s41467-019-08853-66	9886	TGO.44
PRJEB13831	ERR1713395	TRUE	FALSE	-	untreated	QIAamp Fast DNA Stool	raw sewage	10.1038/s41467-019-08853-67	4852	TUR.46
PRJEB13831	ERR1713396	TRUE	FALSE	-	untreated	QIAamp Fast DNA Stool	raw sewage	10.1038/s41467-019-08853-68	6852	TZA.15
PRJEB13831	ERR1713397	TRUE	FALSE	-	untreated	QIAamp Fast DNA Stool	raw sewage	10.1038/s41467-019-08853-69	5362	USA.74
PRJEB13831	ERR1713398	TRUE	FALSE	-	untreated	QIAamp Fast DNA Stool	raw sewage	10.1038/s41467-019-08853-70	2873	USA.74a
PRJEB13831	ERR1713399	TRUE	FALSE	-	untreated	QIAamp Fast DNA Stool	raw sewage	10.1038/s41467-019-08853-71	2351	USA.74b
PRJEB13831	ERR1713400	TRUE	FALSE	-	untreated	QIAamp Fast DNA Stool	raw sewage	10.1038/s41467-019-08853-72	3367	USA.74c
PRJEB13831	ERR1713401	TRUE	FALSE	-	untreated	QIAamp Fast DNA Stool	raw sewage	10.1038/s41467-019-08853-73	3189	USA.74d
PRJEB13831	ERR1713402	TRUE	FALSE	-	untreated	QIAamp Fast DNA Stool	raw sewage	10.1038/s41467-019-08853-74	2713	USA.74e
PRJEB13831	ERR1713403	TRUE	FALSE	-	untreated	QIAamp Fast DNA Stool	raw sewage	10.1038/s41467-019-08853-75	1103	USA.74f
PRJEB13831	ERR1713404	TRUE	FALSE	-	untreated	QIAamp Fast DNA Stool	raw sewage	10.1038/s41467-019-08853-76	1073	USA.74g
PRJEB13831	ERR1713405	TRUE	FALSE	-	untreated	QIAamp Fast DNA Stool	raw sewage	10.1038/s41467-019-08853-77	7984	USA.74h
PRJEB13831	ERR1713406	TRUE	FALSE	-	untreated	QIAamp Fast DNA Stool	raw sewage	10.1038/s41467-019-08853-78	5645	USA.74i
PRJEB13831	ERR1713407	TRUE	FALSE	-	untreated	QIAamp Fast DNA Stool	raw sewage	10.1038/s41467-019-08853-79	7501	VNM.48
PRJEB13831	ERR1713408	TRUE	FALSE	-	untreated	QIAamp Fast DNA Stool	raw sewage	10.1038/s41467-019-08853-80	5098	XK.60
PRJEB13831	ERR1713409	TRUE	FALSE	-	untreated	QIAamp Fast DNA Stool	raw sewage	10.1038/s41467-019-08853-81	2631	ZAF.39
PRJEB13831	ERR1713410	TRUE	FALSE	-	untreated	QIAamp Fast DNA Stool	raw sewage	10.1038/s41467-019-08853-82	3328	ZMB.49
PRJEB13831	ERR1713411	TRUE	FALSE	-	untreated	QIAamp Fast DNA Stool	raw sewage	10.1038/s41467-019-08853-83	2365	ZMB.49b
PRJEB13831	ERR1725938	TRUE	FALSE	-	untreated	QIAamp Fast DNA Stool	raw sewage	10.1038/s41467-019-08853-84	2041	ALB.17_2
PRJEB13831	ERR1725939	TRUE	FALSE	-	untreated	QIAamp Fast DNA Stool	raw sewage	10.1038/s41467-019-08853-85	590	AUS.18_2
PRJEB13831	ERR1725940	TRUE	FALSE	-	untreated	QIAamp Fast DNA Stool	raw sewage	10.1038/s41467-019-08853-86	477	AUS.18_3
PRJEB13831	ERR1725941	TRUE	FALSE	-	untreated	QIAamp Fast DNA Stool	raw sewage	10.1038/s41467-019-08853-87	466	AUS.18a_2
PRJEB13831	ERR1725942	TRUE	FALSE	-	untreated	QIAamp Fast DNA Stool	raw sewage	10.1038/s41467-019-08853-88	4596	AUS.18a_3
PRJEB13831	ERR1725943	TRUE	FALSE	-	untreated	QIAamp Fast DNA Stool	raw sewage	10.1038/s41467-019-08853-89	209	AUS.18a_4
PRJEB13831	ERR1725944	TRUE	FALSE	-	untreated	QIAamp Fast DNA Stool	raw sewage	10.1038/s41467-019-08853-90	2081	AUS.18a_5
PRJEB13831	ERR1725945	TRUE	FALSE	-	untreated	QIAamp Fast DNA Stool	raw sewage	10.1038/s41467-019-08853-91	1718	AUT.70_2
PRJEB13831	ERR1725946	TRUE	FALSE	-	untreated	QIAamp Fast DNA Stool	raw sewage	10.1038/s41467-019-08853-92	766	AUT.70_3
PRJEB13831	ERR1725947	TRUE	FALSE	-	untreated	QIAamp Fast DNA Stool	raw sewage	10.1038/s41467-019-08853-93	2147	BGR.66_2
PRJEB13831	ERR1725948	TRUE	FALSE	-	untreated	QIAamp Fast DNA Stool	raw sewage	10.1038/s41467-019-08853-94	972	BGR.66_3
PRJEB13831	ERR1725949	TRUE	FALSE	-	untreated	QIAamp Fast DNA Stool	raw sewage	10.1038/s41467-019-08853-95	297	BRA.53_2
PRJEB13831	ERR1725950	TRUE	FALSE	-	untreated	QIAamp Fast DNA Stool	raw sewage	10.1038/s41467-019-08853-96	4437	BRA.53a_2
PRJEB13831	ERR1725951	TRUE	FALSE	-	untreated	QIAamp Fast DNA Stool	raw sewage	10.1038/s41467-019-08853-97	1963	BRA.53a_3
PRJEB13831	ERR1725952	TRUE	FALSE	-	untreated	QIAamp Fast DNA Stool	raw sewage	10.1038/s41467-019-08853-98	174	BWA.19_2
PRJEB13831	ERR1725953	TRUE	FALSE	-	untreated	QIAamp Fast DNA Stool	raw sewage	10.1038/s41467-019-08853-99	749	BWA.19_3
PRJEB13831	ERR1725954	TRUE	FALSE	-	untreated	QIAamp Fast DNA Stool	raw sewage	10.1038/s41467-019-08853-100	122	CAN.22_2
PRJEB13831	ERR1725955	TRUE	FALSE	-	untreated	QIAamp Fast DNA Stool	raw sewage	10.1038/s41467-019-08853-101	291	CAN.22a_2
PRJEB13831	ERR1725956	TRUE	FALSE	-	untreated	QIAamp Fast DNA Stool	raw sewage	10.1038/s41467-019-08853-102	1404	CAN.22a_3
PRJEB13831	ERR1725957	TRUE	FALSE	-	untreated	QIAamp Fast DNA Stool	raw sewage	10.1038/s41467-019-08853-103	132	CAN.22a_4
PRJEB13831	ERR1725958	TRUE	FALSE	-	untreated	QIAamp Fast DNA Stool	raw sewage	10.1038/s41467-019-08853-104	619	CAN.22a_5
PRJEB13831	ERR1725959	TRUE	FALSE	-	untreated	QIAamp Fast DNA Stool	raw sewage	10.1038/s41467-019-08853-105	1280	CAN.22b_2
PRJEB13831	ERR1725960	TRUE	FALSE	-	untreated	QIAamp Fast DNA Stool	raw sewage	10.1038/s41467-019-08853-106	560	CAN.22b_3
PRJEB13831	ERR1725961	TRUE	FALSE	-	untreated	QIAamp Fast DNA Stool	raw sewage	10.1038/s41467-019-08853-107	1377	CHE.67_2
PRJEB13831	ERR1725962	TRUE	FALSE	-	untreated	QIAamp Fast DNA Stool	raw sewage	10.1038/s41467-019-08853-108	910	CHE.67_3
PRJEB13831	ERR1725963	TRUE	FALSE	-	untreated	QIAamp Fast DNA Stool	raw sewage	10.1038/s41467-019-08853-109	617	CHE.67_4
PRJEB13831	ERR1725964	TRUE	FALSE	-	untreated	QIAamp Fast DNA Stool	raw sewage	10.1038/s41467-019-08853-110	393	CHE.67_5
PRJEB13831	ERR1725965	TRUE	FALSE	-	untreated	QIAamp Fast DNA Stool	raw sewage	10.1038/s41467-019-08853-111	630	CIV.13_2
PRJEB13831	ERR1725966	TRUE	FALSE	-	untreated	QIAamp Fast DNA Stool	raw sewage	10.1038/s41467-019-08853-112	1380	CZE.23_2
PRJEB13831	ERR1725967	TRUE	FALSE	-	untreated	QIAamp Fast DNA Stool	raw sewage	10.1038/s41467-019-08853-113	998	DEU.27_2
PRJEB13831	ERR1725968	TRUE	FALSE	-	untreated	QIAamp Fast DNA Stool	raw sewage	10.1038/s41467-019-08853-114	503	DEU.27_3
PRJEB13831	ERR1725969	TRUE	FALSE	-	untreated	QIAamp Fast DNA Stool	raw sewage	10.1038/s41467-019-08853-115	4196	ESP.75_2
PRJEB13831	ERR1725970	TRUE	FALSE	-	untreated	QIAamp Fast DNA Stool	raw sewage	10.1038/s41467-019-08853-116	3927	ESP.75_3
PRJEB13831	ERR1725971	TRUE	FALSE	-	untreated	QIAamp Fast DNA Stool	raw sewage	10.1038/s41467-019-08853-117	1860	ESP.75_4
PRJEB13831	ERR1725972	TRUE	FALSE	-	untreated	QIAamp Fast DNA Stool	raw sewage	10.1038/s41467-019-08853-118	1755	ESP.75_5
PRJEB13831	ERR1725973	TRUE	FALSE	-	untreated	QIAamp Fast DNA Stool	raw sewage	10.1038/s41467-019-08853-119	503	FIN.25_2
PRJEB13831	ERR1725974	TRUE	FALSE	-	untreated	QIAamp Fast DNA Stool	raw sewage	10.1038/s41467-019-08853-120	2201	GEO.59_2
PRJEB13831	ERR1725975	TRUE	FALSE	-	untreated	QIAamp Fast DNA Stool	raw sewage	10.1038/s41467-019-08853-121	987	GEO.59_3
PRJEB13831	ERR1725976	TRUE	FALSE	-	untreated	QIAamp Fast DNA Stool	raw sewage	10.1038/s41467-019-08853-122	957	HRV.68_2
PRJEB13831	ERR1725977	TRUE	FALSE	-	untreated	QIAamp Fast DNA Stool	raw sewage	10.1038/s41467-019-08853-123	418	HRV>68_3
PRJEB13831	ERR1725978	TRUE	FALSE	-	untreated	QIAamp Fast DNA Stool	raw sewage	10.1038/s41467-019-08853-124	1280	IND.11_2
PRJEB13831	ERR1725979	TRUE	FALSE	-	untreated	QIAamp Fast DNA Stool	raw sewage	10.1038/s41467-019-08853-125	3248	IRL.68_2
PRJEB13831	ERR1725980	TRUE	FALSE	-	untreated	QIAamp Fast DNA Stool	raw sewage	10.1038/s41467-019-08853-126	1300	IRL.69_3
PRJEB13831	ERR1725981	TRUE	FALSE	-	untreated	QIAamp Fast DNA Stool	raw sewage	10.1038/s41467-019-08853-127	1461	IRN.12_2
PRJEB13831	ERR1725982	TRUE	FALSE	-	untreated	QIAamp Fast DNA Stool	raw sewage	10.1038/s41467-019-08853-128	767	ISL.28_2
PRJEB13831	ERR1725983	TRUE	FALSE	-	untreated	QIAamp Fast DNA Stool	raw sewage	10.1038/s41467-019-08853-129	1234	ISR.29_2
PRJEB13831	ERR1725984	TRUE	FALSE	-	untreated	QIAamp Fast DNA Stool	raw sewage	10.1038/s41467-019-08853-130	1022	ISR.29_3
PRJEB13831	ERR1725985	TRUE	FALSE	-	untreated	QIAamp Fast DNA Stool	raw sewage	10.1038/s41467-019-08853-131	2106	KEN.72_2
PRJEB13831	ERR1725986	TRUE	FALSE	-	untreated	QIAamp Fast DNA Stool	raw sewage	10.1038/s41467-019-08853-132	936	KEN.72_3
PRJEB13831	ERR1725987	TRUE	FALSE	-	untreated	QIAamp Fast DNA Stool	raw sewage	10.1038/s41467-019-08853-133	133	LVA.31_2
PRJEB13831	ERR1725988	TRUE	FALSE	-	untreated	QIAamp Fast DNA Stool	raw sewage	10.1038/s41467-019-08853-134	3133	MDA.65_2
PRJEB13831	ERR1725989	TRUE	FALSE	-	untreated	QIAamp Fast DNA Stool	raw sewage	10.1038/s41467-019-08853-135	1383	MDA.65_3
PRJEB13831	ERR1725990	TRUE	FALSE	-	untreated	QIAamp Fast DNA Stool	raw sewage	10.1038/s41467-019-08853-136	1895	MKD.62_2
PRJEB13831	ERR1725991	TRUE	FALSE	-	untreated	QIAamp Fast DNA Stool	raw sewage	10.1038/s41467-019-08853-137	845	MKD.62_3
PRJEB13831	ERR1725992	TRUE	FALSE	-	untreated	QIAamp Fast DNA Stool	raw sewage	10.1038/s41467-019-08853-138	3168	MLT.63_2
PRJEB13831	ERR1725993	TRUE	FALSE	-	untreated	QIAamp Fast DNA Stool	raw sewage	10.1038/s41467-019-08853-139	1401	MLT.63_3
PRJEB13831	ERR1725994	TRUE	FALSE	-	untreated	QIAamp Fast DNA Stool	raw sewage	10.1038/s41467-019-08853-140	976	MYS.54_2
PRJEB13831	ERR1725995	TRUE	FALSE	-	untreated	QIAamp Fast DNA Stool	raw sewage	10.1038/s41467-019-08853-141	428	MYS.54_3
PRJEB13831	ERR1725996	TRUE	FALSE	-	untreated	QIAamp Fast DNA Stool	raw sewage	10.1038/s41467-019-08853-142	925	NGA.50_2
PRJEB13831	ERR1725997	TRUE	FALSE	-	untreated	QIAamp Fast DNA Stool	raw sewage	10.1038/s41467-019-08853-143	3324	NLD.43_2
PRJEB13831	ERR1725998	TRUE	FALSE	-	untreated	QIAamp Fast DNA Stool	raw sewage	10.1038/s41467-019-08853-144	3227	NDL.43_3
PRJEB13831	ERR1725999	TRUE	FALSE	-	untreated	QIAamp Fast DNA Stool	raw sewage	10.1038/s41467-019-08853-145	1469	NOR.34_2
PRJEB13831	ERR1726000	TRUE	FALSE	-	untreated	QIAamp Fast DNA Stool	raw sewage	10.1038/s41467-019-08853-146	402	POL.36_2
PRJEB13831	ERR1726001	TRUE	FALSE	-	untreated	QIAamp Fast DNA Stool	raw sewage	10.1038/s41467-019-08853-147	487	SGP.52_2
PRJEB13831	ERR1726002	TRUE	FALSE	-	untreated	QIAamp Fast DNA Stool	raw sewage	10.1038/s41467-019-08853-148	699	SRB.37_2
PRJEB13831	ERR1726003	TRUE	FALSE	-	untreated	QIAamp Fast DNA Stool	raw sewage	10.1038/s41467-019-08853-149	1503	SVK.9_2
PRJEB13831	ERR1726004	TRUE	FALSE	-	untreated	QIAamp Fast DNA Stool	raw sewage	10.1038/s41467-019-08853-150	671	SVN.38_2
PRJEB13831	ERR1726005	TRUE	FALSE	-	untreated	QIAamp Fast DNA Stool	raw sewage	10.1038/s41467-019-08853-151	2808	SWE.41a_2
PRJEB13831	ERR1726006	TRUE	FALSE	-	untreated	QIAamp Fast DNA Stool	raw sewage	10.1038/s41467-019-08853-152	1280	SWE.41a_3
PRJEB13831	ERR1726007	TRUE	FALSE	-	untreated	QIAamp Fast DNA Stool	raw sewage	10.1038/s41467-019-08853-153	367	TCD.1_2
PRJEB13831	ERR1726008	TRUE	FALSE	-	untreated	QIAamp Fast DNA Stool	raw sewage	10.1038/s41467-019-08853-154	279	TCD.1_3
PRJEB13831	ERR1726009	TRUE	FALSE	-	untreated	QIAamp Fast DNA Stool	raw sewage	10.1038/s41467-019-08853-155	1623	TUR.46_2
PRJEB13831	ERR1726010	TRUE	FALSE	-	untreated	QIAamp Fast DNA Stool	raw sewage	10.1038/s41467-019-08853-156	946	USA.74a_2
PRJEB13831	ERR1726011	TRUE	FALSE	-	untreated	QIAamp Fast DNA Stool	raw sewage	10.1038/s41467-019-08853-157	413	USA.74a_3
PRJEB13831	ERR1726012	TRUE	FALSE	-	untreated	QIAamp Fast DNA Stool	raw sewage	10.1038/s41467-019-08853-158	1931	USA.74b_2
PRJEB13831	ERR1726013	TRUE	FALSE	-	untreated	QIAamp Fast DNA Stool	raw sewage	10.1038/s41467-019-08853-159	2094	USA.74b_3
PRJEB13831	ERR1726014	TRUE	FALSE	-	untreated	QIAamp Fast DNA Stool	raw sewage	10.1038/s41467-019-08853-160	856	USA.74b_4
PRJEB13831	ERR1726015	TRUE	FALSE	-	untreated	QIAamp Fast DNA Stool	raw sewage	10.1038/s41467-019-08853-161	918	USA.74b_5
PRJEB13831	ERR1726016	TRUE	FALSE	-	untreated	QIAamp Fast DNA Stool	raw sewage	10.1038/s41467-019-08853-162	2099	USA.74d_2
PRJEB13831	ERR1726017	TRUE	FALSE	-	untreated	QIAamp Fast DNA Stool	raw sewage	10.1038/s41467-019-08853-163	911	USA.74d_3
PRJEB13831	ERR1726018	TRUE	FALSE	-	untreated	QIAamp Fast DNA Stool	raw sewage	10.1038/s41467-019-08853-164	1878	USA.74e_2
PRJEB13831	ERR1726019	TRUE	FALSE	-	untreated	QIAamp Fast DNA Stool	raw sewage	10.1038/s41467-019-08853-165	827	USA.74e_3
PRJEB13831	ERR1726020	TRUE	FALSE	-	untreated	QIAamp Fast DNA Stool	raw sewage	10.1038/s41467-019-08853-166	742	USA.74f_2
PRJEB13831	ERR1726021	TRUE	FALSE	-	untreated	QIAamp Fast DNA Stool	raw sewage	10.1038/s41467-019-08853-167	420	USA.74f_3
PRJEB13831	ERR1726022	TRUE	FALSE	-	untreated	QIAamp Fast DNA Stool	raw sewage	10.1038/s41467-019-08853-168	319	USA.74f_4
PRJEB13831	ERR1726023	TRUE	FALSE	-	untreated	QIAamp Fast DNA Stool	raw sewage	10.1038/s41467-019-08853-169	191	USA.74f_5
PRJEB13831	ERR1726024	TRUE	FALSE	-	untreated	QIAamp Fast DNA Stool	raw sewage	10.1038/s41467-019-08853-170	258	USA.74g_2
PRJEB13831	ERR1726025	TRUE	FALSE	-	untreated	QIAamp Fast DNA Stool	raw sewage	10.1038/s41467-019-08853-171	377	USA.74g_3
PRJEB13831	ERR1726026	TRUE	FALSE	-	untreated	QIAamp Fast DNA Stool	raw sewage	10.1038/s41467-019-08853-172	195	USA.74g_4
PRJEB13831	ERR1726027	TRUE	FALSE	-	untreated	QIAamp Fast DNA Stool	raw sewage	10.1038/s41467-019-08853-173	113	USA.74g_5
PRJEB13831	ERR1726028	TRUE	FALSE	-	untreated	QIAamp Fast DNA Stool	raw sewage	10.1038/s41467-019-08853-174	164	USA.74g_6
PRJEB13831	ERR1726029	TRUE	FALSE	-	untreated	QIAamp Fast DNA Stool	raw sewage	10.1038/s41467-019-08853-175	85	USA.74g_7
PRJEB13831	ERR1726030	TRUE	FALSE	-	untreated	QIAamp Fast DNA Stool	raw sewage	10.1038/s41467-019-08853-176	247	ZAF.39_2
PRJEB13831	ERR1726031	TRUE	FALSE	-	untreated	QIAamp Fast DNA Stool	raw sewage	10.1038/s41467-019-08853-177	521	ZMB.49_2
PRJEB13831	ERR1726032	TRUE	FALSE	-	untreated	QIAamp Fast DNA Stool	raw sewage	10.1038/s41467-019-08853-178	1923	ZMB.49b_2
PRJEB13831	ERR1726033	TRUE	FALSE	-	untreated	QIAamp Fast DNA Stool	raw sewage	10.1038/s41467-019-08853-179	4907	ZMB.49b_3
PRJEB13831	ERR1726034	TRUE	FALSE	-	untreated	QIAamp Fast DNA Stool	raw sewage	10.1038/s41467-019-08853-180	856	ZMB.49b_4
PRJEB13831	ERR1726035	TRUE	FALSE	-	untreated	QIAamp Fast DNA Stool	raw sewage	10.1038/s41467-019-08853-181	2161	ZMB.49b_5
PRJEB13831	ERR2592244	TRUE	FALSE	-	untreated	QIAamp Fast DNA Stool	raw sewage	10.1038/s41467-019-08853-182	3575	ALB.17_3
PRJEB13831	ERR2592245	TRUE	FALSE	-	untreated	QIAamp Fast DNA Stool	raw sewage	10.1038/s41467-019-08853-183	2783	AUS.18_5
PRJEB13831	ERR2592246	TRUE	FALSE	-	untreated	QIAamp Fast DNA Stool	raw sewage	10.1038/s41467-019-08853-184	2912	AUT.70_4
PRJEB13831	ERR2592247	TRUE	FALSE	-	untreated	QIAamp Fast DNA Stool	raw sewage	10.1038/s41467-019-08853-185	3306	BGR.66_4
PRJEB13831	ERR2592248	TRUE	FALSE	-	untreated	QIAamp Fast DNA Stool	raw sewage	10.1038/s41467-019-08853-186	2634	BRA.53_3
PRJEB13831	ERR2592249	TRUE	FALSE	-	untreated	QIAamp Fast DNA Stool	raw sewage	10.1038/s41467-019-08853-187	3140	BWA.19_4
PRJEB13831	ERR2592250	TRUE	FALSE	-	untreated	QIAamp Fast DNA Stool	raw sewage	10.1038/s41467-019-08853-188	14715	CAN.22b_5
PRJEB13831	ERR2592251	TRUE	FALSE	-	untreated	QIAamp Fast DNA Stool	raw sewage	10.1038/s41467-019-08853-189	1844	CHE.67_7
PRJEB13831	ERR2592252	TRUE	FALSE	-	untreated	QIAamp Fast DNA Stool	raw sewage	10.1038/s41467-019-08853-190	4096	CIV.13_3
PRJEB13831	ERR2592253	TRUE	FALSE	-	untreated	QIAamp Fast DNA Stool	raw sewage	10.1038/s41467-019-08853-191	3722	CZE.23_3
PRJEB13831	ERR2592254	TRUE	FALSE	-	untreated	QIAamp Fast DNA Stool	raw sewage	10.1038/s41467-019-08853-192	1064	DEU.27_5
PRJEB13831	ERR2592255	TRUE	FALSE	-	untreated	QIAamp Fast DNA Stool	raw sewage	10.1038/s41467-019-08853-193	3263	FIN.25_3
PRJEB13831	ERR2592256	TRUE	FALSE	-	untreated	QIAamp Fast DNA Stool	raw sewage	10.1038/s41467-019-08853-194	3129	GEO.59_4
PRJEB13831	ERR2592257	TRUE	FALSE	-	untreated	QIAamp Fast DNA Stool	raw sewage	10.1038/s41467-019-08853-195	1176	HRV.68_5
PRJEB13831	ERR2592258	TRUE	FALSE	-	untreated	QIAamp Fast DNA Stool	raw sewage	10.1038/s41467-019-08853-196	3721	IND.11_3
PRJEB13831	ERR2592259	TRUE	FALSE	-	untreated	QIAamp Fast DNA Stool	raw sewage	10.1038/s41467-019-08853-197	3695	IRN.12_3
PRJEB13831	ERR2592260	TRUE	FALSE	-	untreated	QIAamp Fast DNA Stool	raw sewage	10.1038/s41467-019-08853-198	3541	ISL.28_3
PRJEB13831	ERR2592261	TRUE	FALSE	-	untreated	QIAamp Fast DNA Stool	raw sewage	10.1038/s41467-019-08853-199	158	KEN.72_4
PRJEB13831	ERR2592262	TRUE	FALSE	-	untreated	QIAamp Fast DNA Stool	raw sewage	10.1038/s41467-019-08853-200	728	LVA.31_4
PRJEB13831	ERR2592263	TRUE	FALSE	-	untreated	QIAamp Fast DNA Stool	raw sewage	10.1038/s41467-019-08853-201	3479	MKD.62_4
PRJEB13831	ERR2592264	TRUE	FALSE	-	untreated	QIAamp Fast DNA Stool	raw sewage	10.1038/s41467-019-08853-202	3671	MYS.54_5
PRJEB13831	ERR2592265	TRUE	FALSE	-	untreated	QIAamp Fast DNA Stool	raw sewage	10.1038/s41467-019-08853-203	2453	NGA.50_3
PRJEB13831	ERR2592266	TRUE	FALSE	-	untreated	QIAamp Fast DNA Stool	raw sewage	10.1038/s41467-019-08853-204	4399	NLD.43_5
PRJEB13831	ERR2592267	TRUE	FALSE	-	untreated	QIAamp Fast DNA Stool	raw sewage	10.1038/s41467-019-08853-205	3649	NOR.34_3
PRJEB13831	ERR2592268	TRUE	FALSE	-	untreated	QIAamp Fast DNA Stool	raw sewage	10.1038/s41467-019-08853-206	3106	POL.36_3
PRJEB13831	ERR2592269	TRUE	FALSE	-	untreated	QIAamp Fast DNA Stool	raw sewage	10.1038/s41467-019-08853-207	2572	SGP.52_3
PRJEB13831	ERR2592270	TRUE	FALSE	-	untreated	QIAamp Fast DNA Stool	raw sewage	10.1038/s41467-019-08853-208	1653	SRB.37_3
PRJEB13831	ERR2592271	TRUE	FALSE	-	untreated	QIAamp Fast DNA Stool	raw sewage	10.1038/s41467-019-08853-209	2145	SVN.38_3
PRJEB13831	ERR2592272	TRUE	FALSE	-	untreated	QIAamp Fast DNA Stool	raw sewage	10.1038/s41467-019-08853-210	12	TCD.1_5
PRJEB13831	ERR2592273	TRUE	FALSE	-	untreated	QIAamp Fast DNA Stool	raw sewage	10.1038/s41467-019-08853-211	2485	TUR.46_3
PRJEB13831	ERR2592274	TRUE	FALSE	-	untreated	QIAamp Fast DNA Stool	raw sewage	10.1038/s41467-019-08853-212	2950	USA.74a_4
PRJEB13831	ERR2592275	TRUE	FALSE	-	untreated	QIAamp Fast DNA Stool	raw sewage	10.1038/s41467-019-08853-213	1910	USA.74b_7
PRJEB13831	ERR2592276	TRUE	FALSE	-	untreated	QIAamp Fast DNA Stool	raw sewage	10.1038/s41467-019-08853-214	2292	USA.74c_2
PRJEB13831	ERR2592277	TRUE	FALSE	-	untreated	QIAamp Fast DNA Stool	raw sewage	10.1038/s41467-019-08853-215	3012	USA.74d_4
PRJEB13831	ERR2592278	TRUE	FALSE	-	untreated	QIAamp Fast DNA Stool	raw sewage	10.1038/s41467-019-08853-216	3498	USA.74e_4
PRJEB13831	ERR2592279	TRUE	FALSE	-	untreated	QIAamp Fast DNA Stool	raw sewage	10.1038/s41467-019-08853-217	3122	USA.74f_7
PRJEB13831	ERR2592280	TRUE	FALSE	-	untreated	QIAamp Fast DNA Stool	raw sewage	10.1038/s41467-019-08853-218	3835	USA.74g_9
PRJEB13831	ERR2592281	TRUE	FALSE	-	untreated	QIAamp Fast DNA Stool	raw sewage	10.1038/s41467-019-08853-219	419	ZAF.39_3
PRJEB13831	ERR2592282	TRUE	FALSE	-	untreated	QIAamp Fast DNA Stool	raw sewage	10.1038/s41467-019-08853-220	2797	ZMB.49_3
PRJEB13831	ERR2592283	TRUE	FALSE	-	untreated	QIAamp Fast DNA Stool	raw sewage	10.1038/s41467-019-08853-221	8884	ZMB.49b_7
PRJEB13831	ERR2592328	TRUE	FALSE	-	untreated	QIAamp Fast DNA Stool	raw sewage	10.1038/s41467-019-08853-222	2852	AUS.18_4
PRJEB13831	ERR2592329	TRUE	FALSE	-	untreated	QIAamp Fast DNA Stool	raw sewage	10.1038/s41467-019-08853-223	6386	CAN.22_3
PRJEB13831	ERR2592331	TRUE	FALSE	-	untreated	QIAamp Fast DNA Stool	raw sewage	10.1038/s41467-019-08853-224	1652	CHE.67_6
PRJEB13831	ERR2592332	TRUE	FALSE	-	untreated	QIAamp Fast DNA Stool	raw sewage	10.1038/s41467-019-08853-225	3188	DEU.27_4
PRJEB13831	ERR2592333	TRUE	FALSE	-	untreated	QIAamp Fast DNA Stool	raw sewage	10.1038/s41467-019-08853-226	1374	ECU.14a_2
PRJEB13831	ERR2592334	TRUE	FALSE	-	untreated	QIAamp Fast DNA Stool	raw sewage	10.1038/s41467-019-08853-227	4190	ESP.75_6
PRJEB13831	ERR2592335	TRUE	FALSE	-	untreated	QIAamp Fast DNA Stool	raw sewage	10.1038/s41467-019-08853-228	1152	HRV.68_4
PRJEB13831	ERR2592336	TRUE	FALSE	-	untreated	QIAamp Fast DNA Stool	raw sewage	10.1038/s41467-019-08853-229	1798	LVA.31_3
PRJEB13831	ERR2592337	TRUE	FALSE	-	untreated	QIAamp Fast DNA Stool	raw sewage	10.1038/s41467-019-08853-230	2522	MYS.54_4
PRJEB13831	ERR2592338	TRUE	FALSE	-	untreated	QIAamp Fast DNA Stool	raw sewage	10.1038/s41467-019-08853-231	6409	NLD.43_4
PRJEB13831	ERR2592339	TRUE	FALSE	-	untreated	QIAamp Fast DNA Stool	raw sewage	10.1038/s41467-019-08853-232	908	TCD.1_4
PRJEB13831	ERR2592340	TRUE	FALSE	-	untreated	QIAamp Fast DNA Stool	raw sewage	10.1038/s41467-019-08853-233	4107	USA.74b_6
PRJEB13831	ERR2592341	TRUE	FALSE	-	untreated	QIAamp Fast DNA Stool	raw sewage	10.1038/s41467-019-08853-234	1772	USA.74f_6
PRJEB13831	ERR2592342	TRUE	FALSE	-	untreated	QIAamp Fast DNA Stool	raw sewage	10.1038/s41467-019-08853-235	5009	USA.74g_8
PRJEB13831	ERR2592343	TRUE	FALSE	-	untreated	QIAamp Fast DNA Stool	raw sewage	10.1038/s41467-019-08853-236	5619	ZMB.49b_6
baymlab	DIN	FALSE	TRUE	.2 um	untreated	Invitrogen Viral	wastewater	-	-	-
baymlab	DIS	FALSE	TRUE	.2 um	untreated	Invitrogen Viral	wastewater	-	-	-